,seller_processing_days,delivery_delay_days,total_order_value,total_products,total_sellers
seller_processing_days,1.0,0.20384656737291557,0.06967810121360868,-0.010557365688625203,-0.03165600680690704
delivery_delay_days,0.20384656737291557,1.0,-0.012714199394587995,-0.04516669494965911,-0.060064700852278864
total_order_value,0.06967810121360868,-0.012714199394587995,1.0,0.06051592827701577,0.04130427676322036
total_products,-0.010557365688625203,-0.04516669494965911,0.06051592827701577,1.0,0.5908440193953143
total_sellers,-0.03165600680690704,-0.060064700852278864,0.04130427676322036,0.5908440193953143,1.0
