Metric,Value
Baseline Delay,-11.47127383015598
Estimated New Delay,-14.783227080446416
Estimated Delay Reduction,3.3119532502904363
