Feature,Coefficient
seller_processing_days,1.6559766251452177
total_order_value,-0.19589108439726896
total_products,-0.14831573290546662
total_sellers,-0.36505987891184855
