Metric,Value
R2 Score,0.0477520160671856
MAE,5.8740644176641394
