Metric,Value
T-statistic,85.14824653225888
P-value,0.0
On-Time Review Mean,4.294101725233601
Late Review Mean,2.6005790707293532
